Data;Last;Open;High;Close
20191018;104728.89;105011.71;105464.25;104524.97
20191017;105015.77;105388.63;105891.19;104826.61
20191016;105422.8;104485.87;105462.07;103521.08
20191015;104489.56;104298.53;105047.62;104052.48
20191014;104301.58;103833.59;104304.85;103438.47
20191011;103831.92;101818.6;104380.89;101818.6
20191010;101817.13;101243.74;102482.98;101152.12
20191009;101248.78;100005.44;101566.59;100005.44
20191008;99981.4;100564.6;101296.28;99867.59
20191007;100572.77;102546.02;102546.02;100541.89
20191004;102551.32;101516.04;102579.55;101057.36
20191003;101516.04;101031.44;101560.23;99826.3
20191002;101031.44;104049.12;104049.12;100943.82
20191001;104053.4;104745.06;105121.16;103837.47
20190930;104745.32;105077.45;105177.5;104638.18
20190927;105077.63;105319.4;105632.94;104505.69
20190926;105319.4;104485.18;105342.3;104337.39
20190925;104480.98;103856.87;104480.98;103033.84
20190924;103875.66;104637.51;104892.9;103503.53
20190923;104637.82;104817.39;104817.39;104019.5
20190920;104817.4;104339.16;105044.5;103913.5
20190919;104339.16;104555.31;106001.35;104285.83
20190918;104531.93;104616.28;104761.84;103684.12
20190917;104616.86;103679.69;104618.93;103078.89
20190916;103680.41;103495.52;104004.61;102782.33
20190913;103501.18;104371.1;104699.2;103274.91
20190912;104370.91;103452.52;104618.01;103452.52
20190911;103445.6;103035.89;104155.86;103035.89
20190910;103031.5;103179.94;103503.45;102230.73
20190909;103180.59;102936.68;104259.77;102792.78
20190906;102935.43;102246.83;103181.64;102245.98
20190905;102243;101203.84;103258.48;101203.84
20190904;101200.89;99705.69;101200.89;99705.69
20190903;99680.83;100626.38;101416.66;99406.15
20190902;100625.74;101132.51;101611.02;100625.74
20190830;101134.61;100526.27;101551.35;100526.27
20190829;100524.43;98194.11;100683.87;98194.11
20190828;98193.53;97273.35;98346.03;96557.06
20190827;97276.19;96434.3;97950.98;95855.3
20190826;96429.6;97686.54;98435.96;95960.74
20190823;97667.49;100007.25;100024.83;97085.21
20190822;100011.28;101209.02;101469.05;100011.28
20190821;101201.9;99227.12;101240.13;99221.27
20190820;99222.25;99471.93;99664.75;98002.03
20190819;99468.67;99809.52;100947.6;98908.19
20190816;99805.78;99059.12;100566.93;99059.12
20190815;99056.91;100262.03;101014.41;98200.36
20190814;100258.01;103270.08;103270.08;99954.75
20190813;103299.47;101912.15;103778.22;101414.44
20190812;101915.22;103945.84;103945.84;101621.22
20190809;103996.16;104101.95;104848.18;103546.67
20190808;104115.23;102782.37;104281.89;102782.37
20190807;102782.37;102163.25;102784.21;100476.12
20190806;102163.69;100097.51;102178.08;100097.51
20190805;100097.75;102657.77;102657.77;99630.09
20190802;102673.68;102122.39;103179.66;101667.02
20190801;102125.94;101818.93;104055.69;101818.93
20190731;101812.13;102945.65;103128.7;100950.36
20190730;102932.76;103482.87;103554.99;102596.13
20190729;103482.63;102817.42;103482.63;102460.82
20190726;102818.93;102653.9;103209.05;102196.31
20190725;102654.58;104118.8;104439.7;102390.47
20190724;104119.54;103706.64;104570.36;103706.64
20190723;103704.28;103949.46;104429.57;103518.2
20190722;103949.46;103451.93;104278.14;103451.93
20190719;103451.93;104716.41;104722.64;103387.84
20190718;104716.59;103859.36;104773.05;103859.36
20190717;103855.53;103775.14;104453.09;103711.71
20190716;103775.41;103805.39;104439.98;103361.08
20190715;103802.69;103909.11;104577.91;103494.84
20190712;103905.99;105157.57;105730.54;103903.06
20190711;105146.44;105818.26;105885.5;104813.51
20190710;105817.06;104536.7;106650.12;104536.7
20190708;104530.22;104090.14;104679.3;103987.99
20190705;104089.47;103628.28;104175.9;102621.7
20190704;103636.17;102046.55;104021.6;102046.55
20190703;102043.11;100576.27;102176.96;100451.36
20190702;100605.17;101342.31;101564.53;100072.77
20190701;101339.68;100973.48;102431.61;100973.48
20190628;100967.2;100726.43;101562.52;100726.43
20190627;100723.97;100688.63;101024.95;99420.64
20190626;100688.63;100094.59;101126.24;100094.59
20190625;100092.95;102061.44;102061.44;99890.22
20190624;102062.33;102017.56;102617.31;101588.92
20190621;102012.64;100304.79;102099.65;100304.79
20190619;100303.41;99403.24;100327.15;98977.84
20190618;99404.39;97633.36;99411.78;97633.36
20190617;97623.25;98037.52;98439.36;97622.65
20190614;98040.06;98775.72;98980.83;97600.83
20190613;98773.7;98321.11;99364.48;98321.11
20190612;98320.88;98959.59;99239.5;97831
20190611;98960;97466.69;98984.6;97466.69
20190610;97466.69;97827.62;97856;96782.23
20190607;97821.26;97204.85;98325.57;97204.85
20190606;97204.85;96001.79;97461.97;96001.79
20190605;95998.75;97381.37;97686.14;95685.84
20190604;97380.28;97020.1;97722.88;96593.43
20190603;97020.48;97035.78;97756.75;96429.88
20190531;97030.32;97419.73;97992.31;96792.4
20190530;97457.36;96565.54;97939.08;96510.53
20190529;96566.55;96388.66;96985.83;95689.78
20190528;96392.76;94863.04;96551.8;94706.7
20190527;94864.25;93625.7;95444.04;93625.7
20190524;93627.8;93912.05;94899.52;93545.46
20190523;93910.03;94360.1;94546.68;93299.97
20190522;94360.66;94485.43;95211.75;93882.56
20190521;94484.63;91945.56;94572.55;91945.56
20190520;91946.19;90005.81;92116.51;89822.25
20190517;89992.73;90023.41;91320.54;89408.93
20190516;90024.47;91621.82;91621.82;89778.11
20190515;91623.44;92087.83;92087.83;90294.63
20190514;92092.44;91736.48;92528.53;91562.45
20190513;91726.54;94252.49;94252.49;91599.97
20190510;94257.56;94809;94847.83;93234.12
20190509;94807.85;95596.61;95596.61;93883.23
20190508;95596.61;94388.56;96311.89;94388.56
20190507;94388.73;95008.66;95008.66;92749.7
20190506;95008.66;95991.51;95991.51;94539.99
20190503;96007.89;95520.64;96314.61;95520.64
20190502;95527.62;96339.31;96339.31;95311.67
20190430;96353.33;96191.45;96706.71;95613.24
20190429;96187.75;96253.53;97123.09;96003.57
20190426;96236.04;96552.15;96563.2;95620.12
20190425;96552.03;95026.88;96552.03;94212.77
20190424;95045.43;95923.48;95923.48;94163.33
20190423;95923.24;94590.49;96315.4;94590.49
20190422;94588.06;94577.82;95037.9;93720.5
20190418;94578.26;93285.33;95140.29;93285.33
20190417;93284.75;94336.78;95041.78;92337.54
20190416;94333.31;93082.09;95061.95;92878.99
20190415;93082.97;92874.83;93722.86;92697.05
20190412;92875;94746.92;94768.18;92516.32
20190411;94754.7;95953.9;95953.9;94173.36
20190410;95953.45;96291.79;96902.14;95669.58
20190409;96291.79;97366.05;97366.05;95487.57
20190408;97369.29;97110.05;97610.25;96742.91
20190405;97108.17;96319.32;97493.1;96152.08
20190404;96313.06;94502.6;96393.56;94333.95
20190403;94491.48;95392.32;96442.31;94124.4
20190402;95386.76;96062.1;96690.17;94824.93
20190401;96054.45;95422.9;96751.53;95422.9
20190329;95414.55;94401.69;95862.75;94401.69
20190328;94388.94;91900.6;94853.71;91584.26
20190327;91903.4;95297.25;95297.25;91903.4
20190326;95306.82;93668.27;95524.7;93668.27
20190325;93662.01;93735.41;94383.78;93103.15
20190322;93735.15;96724.71;96724.71;93379.64
20190321;96729.08;98041.14;98045.97;95456.28
20190320;98041.37;99588.47;99707.96;97980.93
20190319;99588.37;99990.91;100438.87;99372.87
20190318;99993.92;99141.49;100037.69;99141.43
20190315;99136.74;98604.99;99393.33;98597.33
20190314;98604.67;98904.72;99035.54;97775.83
20190313;98903.88;97831.23;99267.22;97464.1
20190312;97828.03;98038.1;98149.69;97266.94
20190311;98026.62;95384.46;98026.62;95384.46
20190308;95364.85;94340.17;95475.68;93304.76
20190307;94340.17;94216.25;94532.25;93728.95
20190306;94216.87;94603.63;94889.38;93945.46
20190301;94603.75;95584.35;96113.18;94393.59
20190228;95584.35;97307.38;97528.01;95364.39
20190227;97307.31;97602.5;97781.81;96885.98
20190226;97602.5;97242.44;97903.97;97235.48
20190225;97239.9;97881.03;98189.91;97087.23
20190222;97885.6;96928.8;97886.63;96928.8
20190221;96932.27;96546.17;97231.4;95793.1
20190220;96544.81;97661.29;98543.68;96544.81
20190219;97659.15;96512.65;98185.19;96512.65
20190218;96509.89;97526.51;97526.51;96238.89
20190215;97525.91;98015.09;98237.8;97083.07
20190214;98015.09;95842.52;98018.83;94915.48
20190213;95842.4;96168.78;96803.73;95388.93
20190212;96168.4;94419.93;96571.42;94419.93
20190211;94412.91;95351.17;95498.93;93736.67
20190208;95343.1;94401.26;95485.59;93424.29
20190207;94405.59;94654;95641.51;93507.18
20190206;94635.57;98307.91;98307.91;94635.57
20190205;98311.2;98586.8;98586.8;97596.41
20190204;98588.63;97861.27;98588.63;96900.79
20190201;97861.27;97395.48;98043.9;96990.33
20190131;97393.74;96996.45;98405.21;96996.45
20190130;96996.21;95642.96;97106.68;95642.96
20190129;95639.33;95508.28;96751.32;95508.28
20190128;95443.88;97674.04;97936.82;94783.03
20190124;97677.19;96557.73;97677.19;96557.73
20190123;96558.42;95115.8;96575.98;95115.8
20190122;95103.38;96008.44;96069.51;94661.91
20190121;96009.77;96092.61;96092.61;94862.85
20190118;96096.75;95386.26;96395.98;95386.26
20190117;95351.09;94393.07;95681.82;93950.41
20190116;94393.07;94056.82;94393.07;93686.83
20190115;94055.72;94474.13;94695.12;93401.51
20190114;94474.13;93644.87;94474.13;93335.06
20190111;93658.31;93805.57;93960.78;93358.67
20190110;93805.93;93599.15;93987.17;93049.78
20190109;93613.04;92032.69;93625.82;92028.41
20190108;92031.86;91699.05;92230.99;91063.9
20190107;91699.05;91845.16;92551.88;91288.27
20190104;91840.79;91576.64;92701.36;90823.78
20190103;91564.25;91011;91596.28;89921.57
20190102;91012.31;87887.26;91478.84;87535.87
20181228;87887.26;85469.47;88044.02;85469.47
20181227;85460.2;85140.6;85738.96;84876.08
20181226;85136.1;85684.26;85684.26;83891.74
20181221;85697.15;85268.82;86554.05;85134.12
20181220;85269.29;85678.06;86583.73;84755.68
20181219;85673.52;86616.59;88101.07;85673.52
20181218;86610.49;86400.35;87274.15;86400.35
20181217;86399.68;87448.03;87819.9;86327.69
20181214;87449.5;87837.59;88183.93;87106.12
20181213;87837.59;86979.07;87842.49;86856.34
20181212;86977.46;86419.92;87945.65;86419.92
20181211;86419.57;85918.08;87520.48;85583.05
20181210;85914.71;88115.07;88384.22;85914.71
20181207;88115.07;88849.12;89985.99;87907.38
20181206;88846.48;88932.58;88932.58;87025.06
20181205;89039.79;88644.17;89111.2;88448.91
20181204;88624.45;89820.09;90452.48;88041.23
20181203;89820.09;89511.16;91242.22;89429.17
20181130;89504.03;89709.12;90245.54;89257.73
20181129;89709.56;89249.06;89909.58;88475.27
20181128;89250.82;87891.18;89482.93;87153.47
20181127;87891.18;85547.48;88017.9;85376.78
20181126;85546.51;86237.45;87147.38;84904.74
20181123;86230.22;87479.45;87479.45;85762.82
20181122;87477.44;87268.68;87656.37;87221.67
20181121;87268.8;87896.13;87896.13;86254.21
20181119;87900.83;88472.47;88483.65;87046.54
20181116;88515.27;85974.89;88516.46;85974.89
20181114;85973.06;84898.4;85973.06;84267.01
20181113;84914.11;85531.13;85940.63;84071.39
20181112;85524.7;85643.9;86227.44;85009.29
20181109;85641.21;85620.13;86233.42;84030.36
20181108;85620.13;87719.45;88569.7;85620.13
20181107;87714.35;88676.31;89564.71;87540.86
20181106;88668.92;89587.02;89587.02;88065.84
20181105;89598.16;88418.37;89598.16;88347.26
20181101;88419.05;87427.56;89017.37;87094.01
20181031;87423.55;86888.69;88028.2;86213.13
20181030;86885.71;83801.52;86989.63;83801.52
20181029;83796.71;85728.47;88377.16;82782.96
20181026;85719.87;84083.51;85719.87;83497.17
20181025;84083.51;83124.32;84830.92;83124.32
20181024;83063.56;85301.87;85786.21;83034.85
20181023;85300.03;85595.34;85595.34;84032.43
20181022;85596.69;84221.85;85772.47;84221.85
20181019;84219.74;83845.35;84954.41;83666.71
20181018;83847.12;85759.82;85759.82;83845.84
20181017;85763.95;85713.92;86167.32;84944.05
20181016;85717.56;83420.01;85717.56;83420.01
20181015;83359.76;82922.49;84278.04;82922.49
20181011;82921.08;83700.4;84748.55;82607.34
20181010;83679.11;86084.48;86084.57;83679.11
20181009;86087.55;86052.94;86573.49;85432.7
20181008;86083.91;82324.46;87333.09;82324.46
20181005;82321.52;82972.09;83804.97;82029.95
20181004;82952.81;83275.01;83430.4;81891.66
20181003;83273.4;81624.31;85441.79;81622.97
20181002;81612.28;78625.46;81778.19;78625.46
20181001;78623.66;79350.43;79556.55;78090.72
20180928;79342.42;80000.09;80000.09;78966.99
20180927;80000.09;78675.71;80106.92;78675.71
20180926;78656.16;78634.18;79460.89;78530.18
20180925;78630.14;77979.59;78688.47;77005.45
20180924;77984.18;79446.73;79446.73;77857.06
20180921;79444.29;78116.32;80001.6;78116.32
20180920;78116.01;78168.66;78943.89;77820.24
20180919;78168.66;78268.35;79020.76;77623.92
20180918;78313.96;76780.71;78454.46;76676.97
20180917;76788.85;75428.42;76893.13;75227.25
20180914;75429.09;74686.67;75704.76;74444.78
20180913;74686.67;75126.02;75407.05;74500.94
20180912;75124.81;74679.79;75679.52;74498.71
20180911;74656.51;76437.15;76437.15;74274.51
20180910;76436.35;76416.01;77293.01;76114.61
20180906;76416.01;75098.3;76533.41;74986.42
20180905;75092.27;74712.14;75369.51;74276.4
20180904;74711.8;76192.18;76192.18;74605.49
20180903;76192.73;76675.48;76675.48;75728.84
20180831;76677.53;76385.67;77202.24;76025.96
20180830;76404.09;78388.83;78388.83;76372.21
20180829;78388.83;77471.84;78782.51;77399.08
20180828;77473.18;77927.7;78038.05;77149.44
20180827;77929.68;76264.27;78007.58;76264.27
20180824;76262.23;75647.35;76628.66;75647.35
20180823;75633.77;76898.15;77232.11;75465.85
20180822;76902.3;75171.37;76904.48;74875.8
20180821;75180.4;76326.79;76339.91;74914.79
20180820;76327.89;76028.61;76497.03;75607.85
20180817;76028.5;76816.84;76816.84;75632.81
20180816;76818.72;77084.96;77703.73;76381.27
20180815;77077.5;78613.52;78617.96;76828.55
20180814;78602.11;77498.61;78741.69;77498.61
20180813;77496.45;76513;77689.01;75931.14
20180810;76514.35;78766.07;78766.07;76043.11
20180809;78767.99;79170.78;79460.64;78156.47
20180808;79151.7;80346.52;80911.99;78966.21
20180807;80346.52;81092.69;81742.39;79923.07
20180806;81050.76;81444.64;81764.9;80964.91
20180803;81434.98;79655.71;81792.1;79655.71
20180802;79636.69;79237.2;79896.29;78573.05
20180801;79301.65;79212.99;79730.63;78768.87
20180731;79220.43;80279.31;80279.31;79016.26
20180730;80275.59;79865.74;80491.57;79699.03
20180727;79866.1;79405.45;80250.92;79405.45
20180726;79405.34;80242.42;80588.66;79081.32
20180725;80218.04;79154.02;80436.63;79154.02
20180724;79154.98;78005.14;79496.72;78005.14
20180723;77996.12;78571.29;78639.38;77871.41
20180720;78571.29;77499.69;79488.74;77499.69
20180719;77486.84;77359.85;77486.84;75889.82
20180718;77362.63;78123.54;78496.15;77163.55
20180717;78130.3;76652.52;78522.17;76481.91
20180716;76652.58;76587.39;76923.95;76129.27
20180713;76594.35;75856.22;76682.09;75553.78
20180712;75856.22;74402.98;75897.89;74402.98
20180711;74398.55;74862.38;75024.51;74196.44
20180710;74862.38;75015.1;75895.19;74431.23
20180706;75010.39;74557.62;75064.74;74047.97
20180705;74553.06;74751.02;75126.63;73755.83
20180704;74743.11;73667.4;74904.36;73449.59
20180703;73667.75;72847.84;74514.86;72847.84
20180702;72839.74;72762.51;72839.74;71934.7
20180629;72762.51;71779.05;73020.19;71779.05
20180628;71766.52;70609;72092.31;70439.44
20180627;70609;71405.26;72032.13;70133.96
20180626;71404.59;70967.67;71621.51;70202.97
20180625;70952.97;70641.99;71323.17;69779.24
20180622;70640.65;70076.53;71057.56;69906.76
20180621;70074.9;72117.36;72206.55;70018.65
20180620;72123.41;71396.77;72617.28;71154.83
20180619;71394.34;69811.36;72010.18;69068.77
20180618;69814.74;70757.06;70757.06;69359.55
20180615;70757.73;71420.52;71420.52;69582.5
20180614;71421.19;72151.33;72707.61;71343.71
20180613;72122.14;72756.83;72977.13;71035.03
20180612;72754.13;72308.33;73321.55;72123.77
20180611;72307.77;72942.52;73715.74;71843.01
20180608;72942.07;73847.88;74031.36;71679.48
20180607;73851.46;76117.22;76117.22;71161.52
20180606;76117.22;76641.03;76966.87;75517.53
20180605;76641.72;78595.23;78892.02;76412.03
20180604;78596.06;77243.91;78637.44;77243.91
20180601;77239.75;76779.38;78168.54;75524.43
20180530;76753.61;76057.54;77096.63;75514.6
20180529;76071.97;75361.05;77213.65;75361.05
20180528;75355.84;78886.48;78886.48;75336.89
20180525;78897.66;80123.45;80628.85;78622.41
20180524;80122.31;80859.8;80859.8;79026.52
20180523;80867.29;82741.54;82741.54;80867.29
20180522;82738.88;81817.42;83395.91;81612.62
20180521;81815.32;83095.39;83882.87;81575.52
20180518;83081.88;83613.64;83613.64;81390.93
20180517;83621.95;86536.52;86536.52;83377.37
20180516;86536.97;85121.64;86678.21;85043.6
20180515;85130.42;85224.78;85231.47;83829.79
20180514;85232.18;85221.9;86105.04;84687.67
20180511;85220.24;85861.42;86406.22;85183.37
20180510;85861.2;84283.91;86200.93;84283.91
20180509;84265.49;82977.48;84447.31;82855.18
20180508;82956.05;82714.98;83408.91;82201.28
20180507;82714.43;83122.31;83642.91;82601.51
20180504;83118.03;83286.38;83670.63;82745.64
20180503;83288.14;84546.82;84562.37;83178.35
20180502;84547.09;86110.76;86110.76;84382.57
20180430;86115.5;86442.7;86739.48;85978.54
20180427;86444.66;86383.2;87178.65;86262.43
20180426;86383.2;85051.35;86383.2;85051.35
20180425;85044.39;85465.87;85465.87;84348.7
20180424;85469.08;85603.18;86577.74;85105.85
20180423;85602.5;85520.42;85745.94;84710.73
20180420;85550.09;85823.13;85823.13;85024.85
20180419;85824.26;85774.78;86059.44;85197.28
20180418;85776.46;84090.28;86149.14;84090.28
20180417;84086.13;82862.26;84191.19;82809.56
20180416;82861.58;84328.2;84591.47;82761.97
20180413;84334.41;85441.03;85441.03;84143.7
20180412;85443.53;85245.59;85576.9;85025.38
20180411;85245.59;84493.89;85416.54;84340.41
20180410;84510.36;83312.03;84537.82;83312.03
20180409;83307.23;84832.44;85110.06;83154.65
20180406;84820.42;85209.66;85209.66;83832.67
20180405;85209.66;84373.95;86147.75;84373.95
20180404;84359.69;84610.3;84610.3;82826.04
20180403;84623.46;84668.89;85411.27;84209.58
20180402;84666.44;85364.83;85675.48;84165.56
20180329;85365.56;83874.14;85708;83874.14
20180328;83874.14;83805.7;83889;82889.44
20180327;83808.06;85102.68;85295.81;83542.05
20180326;85087.86;84377.31;85552.72;84356.76
20180323;84377.19;84766.09;85449.54;84041.53
20180322;84767.88;84984.14;85499.17;84196.6
20180321;84976.59;84165.84;85145.34;84080.02
20180320;84163.8;83918.78;84411.65;83682.04
20180319;83913.06;84886.15;84886.15;83677.64
20180316;84886.49;84928.2;85494.68;84525.46
20180315;84928.2;86050.73;86050.73;84719.69
20180314;86050.96;86383.17;86969.99;85690.89
20180313;86383.85;86902.49;87333.24;86118.93
20180312;86900.43;86386.22;87045.75;86386.22
20180309;86371.41;84987.15;86388.75;84749.29
20180308;84984.61;85509.88;85829.53;84491.49
20180307;85483.55;85652.9;85652.9;84396.91
20180306;85653.02;86023.05;86930.55;85653.02
20180305;86022.83;85761.19;86164.8;85053.33
20180302;85761.34;85377.82;85761.34;83896.94
20180301;85377.79;85337.16;86260.48;84639.55
20180228;85353.6;86939.29;87109.23;85199.13
20180227;86935.44;87648.98;87839.35;86612.93
20180226;87652.64;87295.86;88317.83;87241.92
20180223;87293.24;86690.01;87344.76;86137.51
20180222;86686.45;86050.46;87159.04;86050.46
20180221;86051.82;85803.96;87358.33;85803.96
20180220;85803.96;84791.97;86290.32;84260.62
20180219;84792.71;84524.58;84955.58;84524.58
20180216;84524.58;84290.9;84575.33;83823.94
20180215;84290.57;83550.96;84686.1;83550.96
20180214;83542.84;80901.47;83781.67;80901.47
20180209;80898.7;81531.51;81897;79690.09
20180208;81532.53;82773.48;83500.94;81109.01
20180207;82766.73;83893.81;84409.74;82548.25
20180206;83894.04;81857.26;84161.84;80804.3
20180205;81861.09;84039.78;84310.79;81861.09
20180202;84041.34;85495.08;85495.08;83831.19
20180201;85495.24;84912.87;86027.99;84832.74
20180131;84912.7;84485.49;86212.82;84484.39
20180130;84482.46;84697.27;84697.27;83803.6
20180129;84698.01;85530.84;85530.84;84340.7
20180126;85530.84;83680.24;85530.84;83680.24
20180124;83680;80678.81;83680;80678.81
20180123;80678.35;81676.09;81676.09;80523.84
20180122;81675.42;81219.5;81675.42;80922.85
20180119;81219.5;80964.73;81429.06;80853.76
20180118;80962.65;81185.02;81367.38;80498.49
20180117;81189.16;79831.63;81189.47;79827.85
20180116;79831.76;79750.74;80246.33;79667.72
20180115;79752.37;79349.12;79846.66;79349.12
20180112;79349.12;79365.44;79440.47;78861.38
20180111;79365.44;78200.75;79365.44;78200.75
20180110;78200.57;78863.57;78863.57;78163.85
20180109;78863.54;79379.21;79414.91;78699.25
20180108;79378.54;79070.27;79395.45;78631.25
20180105;79071.47;78644.27;79071.47;78218.11
20180104;78647.42;77997.69;79134.83;77997.69
20180103;77995.16;77889.41;78413.89;77601.52
20180102;77891.04;76402.6;77909.01;76402.6
20171228;76402.08;76077.06;76436.88;76077.06
20171227;76072.54;75707.73;76292.7;75707.73
20171226;75707.73;75186.53;75837.23;74923.89
20171222;75186.53;75128.09;75227.01;74622.58
20171221;75133.43;73367.03;75133.43;73265.4
20171220;73367.03;72679.76;73491.53;72679.76
20171219;72680.37;73121.62;73139.27;72346.58
20171218;73115.45;72621.39;73518.58;72621.39
20171215;72607.7;72428.32;73068.8;72277.15
20171214;72428.93;72912.72;72912.72;71968.97
20171213;72914.33;73827.21;74621.78;72568.73
20171212;73813.53;72799.71;73813.53;71798.49
20171211;72800.04;72774.97;73360.94;72497.52
20171208;72731.84;72489.15;73425.32;72489.15
20171207;72487.46;73267.88;73267.88;71356.4
20171206;73268.35;72534.53;73418.14;71906.41
20171205;72546.17;73090.17;74166.01;72318.6
20171204;73090.17;72266.11;73748.68;72266.11
20171201;72264.45;71955.27;72472.18;71487.74
20171130;71970.99;72700.45;72700.45;71215.19
20171129;72700.45;74145.67;74514.86;72700.45
20171128;74139.72;74059.95;74988.55;74056.4
20171127;74058.92;74157.15;74157.15;73158.99
20171124;74157.37;74503;74542.32;74093.2
20171123;74486.58;74518.79;74577.82;73851.42
20171122;74518.79;74611.04;75019.16;74241.62
20171121;74594.61;73438.97;75073.29;73438.97
20171117;73437.28;72512.14;73632.2;72389.59
20171116;72511.79;70827.38;72895.77;70827.38
20171114;70826.59;72442.33;72837.8;70824.91
20171113;72475.17;72166.53;72735.4;71775.76
20171110;72165.64;72932.44;73018.6;71919.66
20171109;72930.69;74363.02;74363.02;72795.37
20171108;74363.13;72467.63;74480.52;72467.63
20171107;72414.88;74305.9;74305.9;72386.12
20171106;74310.79;73911.36;74444.87;73829.83
20171103;73915.43;73833.88;74254.03;73093.65
20171101;73823.74;74310.26;75199.28;73822.81
20171031;74308.49;74798.19;75141.8;74144.96
20171030;74800.33;75972.7;75972.7;74305.16
20171027;75975.71;75898.24;76616.98;75600.64
20171026;75896.35;76671.13;77060.71;75813.16
20171025;76671.13;76350.19;76882.57;75404.32
20171024;76350.19;75425.98;76419.53;75425.98
20171023;75413.13;76397.93;76497.87;75315.02
20171020;76390.51;76291.37;76971.01;76291.37
20171019;76283.16;76590.92;76590.92;75365.53
20171018;76591.09;76211.1;76729.54;76012.45
20171017;76201.25;76891.84;76891.84;76046.38
20171016;76891.84;76984.58;77382.08;76565.19
20171013;76989.79;76659.37;77318.63;76659.37
20171011;76659.8;76910.03;76984.88;76322.58
20171010;76897.21;75745.07;76995.6;75745.07
20171009;75726.81;76054.71;76067.32;75180.92
20171006;76054.72;76617.53;76617.53;75602.63
20171005;76617.53;76592.13;78024.09;76592.13
20171004;76591.44;76762.91;77003.69;76422.46
20171003;76762.91;74363.21;76762.91;74363.21
20171002;74359.83;74294.53;74506.19;73845.22
20170929;74293.51;73571.31;74517.6;73571.31
20170928;73567.25;73807.84;74010.52;73276.61
20170927;73796.71;74357.93;74743.67;73125.48
20170926;74318.72;74443.47;74971.31;74318.72
20170925;74443.47;75381.17;75469.56;74303.16
20170922;75389.75;75617.61;75734.16;75028.83
20170921;75604.34;76013.77;76251.06;75282.24
20170920;76004.15;75973.63;76419.58;75074.21
20170919;75974.18;75990.4;76071.4;75299.63
20170918;75990.41;75758.49;76403.58;75621.37
20170915;75756.52;74656.4;75820.26;74647.74
20170914;74656.68;74786.55;74949.07;74396.69
20170913;74787.57;74542.81;75146.31;74196.43
20170912;74538.55;74322.04;75332.23;74294.08
20170911;74319.22;73095.62;74635.56;73095.62
20170908;73078.85;73413.4;73646.1;72925.44
20170906;73412.41;72156.81;73607.91;72156.81
20170905;72150.88;72134.02;73179.53;71827.21
20170904;72128.83;71921.46;72141.04;71670.89
20170901;71923.11;70848.16;72216.84;70846.02
20170831;70835.05;70887.11;71233.98;70516.47
20170830;70886.26;71327.97;71453.62;70755.36
20170829;71329.85;71005.06;71329.85;70517.41
20170828;71016.59;71073.65;71389.88;70908.64
20170825;71073.65;71137.68;71505.69;70801.43
20170824;71132.8;70482.38;71237.66;70482.38
20170823;70477.63;70010.71;70586.93;69947.38
20170822;70011.25;68644.89;70277.65;68644.89
20170821;68634.65;68713.25;69068.29;68514.33
20170818;68714.66;67989.96;68807.53;67979.25
20170817;67976.8;68595.65;68595.65;67866.19
20170816;68594.29;68356.34;68950.33;68304.34
20170815;68355.12;68295.78;68846.07;68292.69
20170814;68284.66;67363.71;68641.98;67226.3
20170811;67358.59;66991.95;67623.36;66677.62
20170810;66992.09;67671.06;67671.06;66649.54
20170809;67671.07;67894.48;67894.48;67290.48
20170808;67898.94;67936.37;68500.05;67671.26
20170807;67939.66;66897.99;68043.37;66887.18
20170804;66897.99;66783.22;67104.38;66525.22
20170803;66777.13;67135.99;67256.01;66704.62
20170802;67135.99;66503.9;67276.66;66304.82
20170801;66516.24;65925.1;66605.78;65925.1
20170731;65920.36;65502.54;66047.99;65502.54
20170728;65497.13;65252.61;65497.13;64952.66
20170727;65277.38;65012.89;65677.56;65012.89
20170726;65010.57;65668.07;65873.03;64991.58
20170725;65667.62;65101.25;65748.73;65101.25
20170724;65099.55;64694.87;65104.42;64677.59
20170721;64684.18;64935.99;65149.72;64599.19
20170720;64938.02;65178.17;65505.38;64897.81
20170719;65179.92;65337;65603.89;64873.93
20170718;65337.67;65208.25;65337.67;64942.98
20170717;65212.31;65431.28;65478.17;65119.24
20170714;65436.18;65178.35;65624.38;65178.35
20170713;65178.35;64854.26;65302.33;64854.26
20170712;64835.55;63840.28;64937.87;63826.98
20170711;63832.15;63026.82;63891.3;62907.74
20170710;63025.47;62322.4;63135.4;62322.4
20170707;62322.4;62474.44;62925.92;62035.1
20170706;62470.33;63156.03;63188.31;62353.93
20170705;63154.17;63215.17;63484.59;62708.27
20170704;63231.59;63268.07;63345.59;63075.83
20170703;63279.58;62900.91;63337.53;62900.91
20170630;62899.97;62237.83;63037.57;62237.83
20170629;62238.95;62009.85;62498.52;61689.36
20170628;62017.97;61684.26;62057.28;61433.33
20170627;61675.46;62188.32;62424.16;61580.43
20170626;62188.09;61087.85;62250.97;61087.85
20170623;61087.14;61272.22;61399.79;60991.55
20170622;61272.22;60762.42;61353.61;60758.22
20170621;60761.74;60783.05;61187.64;60543.61
20170620;60766.16;62010.56;62010.56;60766.16
20170619;62014.03;61619.86;62272.28;61619.86
20170616;61626.41;61911.45;61921.24;61269.39
20170614;61922.93;61830.77;62475.1;61507.58
20170613;61828.99;61708.42;62011.87;61510.01
20170612;61700.23;62218.56;62286.33;61278.79
20170609;62210.56;62755.23;63065.79;62095.46
20170608;62755.57;63170.97;63170.97;62376.3
20170607;63170.73;62954.86;63636.64;62911.55
20170606;62954.69;62449.93;63301.98;62426.2
20170605;62450.45;62503.01;62800.45;62009.52
20170602;62510.69;62289.2;62773.25;62160.72
20170601;62288.52;62711.47;63293.49;62165.21
20170531;62711.47;63960.81;63984.42;62672.65
20170530;63962.26;63764.94;64107.22;63720.09
20170529;63760.94;64054.84;64054.84;63530.67
20170526;64085.41;63227.51;64170.25;63227.51
20170525;63226.79;63256.47;63991.4;62761.8
20170524;63257.36;62672.62;64015.79;62672.62
20170523;62662.48;61670.21;62774.63;61670.21
20170522;61673.49;62638.49;62638.49;60924.77
20170519;62639.31;61596.81;63488.18;61596.81
20170518;61597.06;67535.78;67535.78;60314.7
20170517;67540.25;68674.01;68674.01;67163.37
20170516;68684.5;68473.34;68791.87;68124.24
20170515;68474.19;68226.67;68592.96;68081.18
20170512;68221.94;67536.28;68428.74;67536.28
20170511;67537.61;67355.06;67709.44;67191.39
20170510;67349.73;66283.75;67528.4;66283.75
20170509;66277.67;65533.47;66535.63;65533.47
20170508;65526.04;65705.29;66014.81;65295.2
20170505;65709.74;64868.68;65768.15;64863.26
20170504;64862.61;66069.19;66098.82;64720.93
20170503;66093.78;66720.39;66757.94;65898.48
20170502;66721.75;65404.05;66851.34;65404.05
20170428;65403.25;64679.27;65403.25;64591.58
20170427;64676.55;64871.78;65326.5;64292.09
20170426;64861.92;65143.68;65436.3;64679.05
20170425;65148.35;64383.5;65148.35;63875.22
20170424;64389.01;63761.21;64753.68;63761.21
20170420;63760.62;63406.12;64163.4;63388.19
20170419;63406.97;64164.93;64572.29;63218.81
20170418;64158.84;64335.74;64590.7;63716.75
20170417;64334.93;62827.58;64423.68;62827.58
20170413;62826.28;63891.14;63991.8;62826.28
20170412;63891.68;64362.46;64455.66;63814.16
20170411;64359.79;64650.29;64871.81;63351.37
20170410;64649.81;64593.1;64927.58;64115.05
20170407;64593.1;64201.84;65197.3;64016.16
20170406;64222.72;64774.76;64921.2;63762.13
20170405;64774.76;65769.94;66211.17;64492.59
20170404;65768.91;65211.7;65775.01;64989.53
20170403;65211.48;64989.21;65384.21;64774.19
20170331;64984.07;65266.22;65596.61;64859.03
20170330;65265.98;65541.26;65775.41;65070.19
20170329;65528.29;64635.56;65551.37;64476.06
20170328;64640.45;64308.08;64847.15;64041.7
20170327;64308.39;63829.32;64356.32;63030.09
20170324;63853.77;63553.78;63997.33;63468.6
20170323;63530.79;63521.33;63942.06;62840.03
20170322;63521.33;62980.03;63747.06;62496.17
20170321;62980.37;64883.93;64964.54;62794.75
20170320;64884.27;64209.93;65135.89;63672.13
20170317;64209.94;65783.48;66205.1;64151.75
20170316;65782.85;66232.18;66554.15;65530.52
20170315;66234.87;64701.86;66317.67;64537.21
20170314;64699.46;65511.27;65549.4;64699.46
20170313;65534.3;64674.12;65651.25;64674.12
20170310;64675.46;64585.9;65724.82;64471.98
20170309;64585.24;64718.02;65067.91;64202.84
20170308;64718.02;65747.7;65809.51;64496.42
20170307;65742.32;66343;66641.04;65667.94
20170306;66341.37;66786.01;66891.75;66118.7
20170303;66785.53;65860.37;66800.75;65860.37
20170302;65854.93;67000.38;67035.31;65593.85
20170301;66988.88;66661.27;67397.88;66661.27
20170224;66662.1;67458.48;67458.48;66452.07
20170223;67461.39;68590.5;69487.58;67279.36
20170222;68589.54;69052.09;69052.09;68282.04
20170221;69052.03;68536.46;69111.74;68536.46
20170220;68532.86;67756.15;68673.9;67756.15
20170217;67748.42;67814.24;67819.34;67157.67
20170216;67814.24;67978.77;68455.85;67661.42
20170215;67975.58;66712.28;68015.57;66712.28
20170214;66712.88;66971.34;67110.44;66251.14
20170213;66967.64;66124.53;67093.64;66124.53
20170210;66124.53;64964.89;66291.72;64935.42
20170209;64964.89;64850.11;65302.16;64586.73
20170208;64835.4;64199.86;64835.4;63739.96
20170207;64198.9;64022.34;64815.27;63937.92
20170206;63992.93;64957.48;65326.58;63932.71
20170203;64953.93;64579.26;65387.02;64264.2
20170202;64578.22;64835.04;65132.35;64162.64
20170201;64836.13;64686.87;65593.52;64686.87
20170131;64670.78;64309.77;64900.6;64283.59
20170130;64301.73;66025.22;66025.47;64164.59
20170127;66033.99;66195.21;66242.07;65875.96
20170126;66190.62;65841.71;66593.58;65841.71
20170124;65840.09;65751.89;66172.86;65615.27
20170123;65748.63;64518.51;65815.85;64500.43
20170120;64521.18;63950.86;64693.54;63950.86
20170119;63950.86;64145.28;64455.74;63573.81
20170118;64149.58;64359.61;64680.35;64062.55
20170117;64354.34;63827.32;64658.01;63456.01
20170116;63831.28;63651.52;64013.78;63555.67
20170113;63651.52;63939.59;64091.98;63365.78
20170112;63953.93;62448.02;64342.39;62448.02
20170111;62446.26;62133.61;62674.45;61664.6
20170110;62131.8;61710.16;62445.9;61710.16
20170109;61700.29;61680.07;62111.59;61307.46
20170106;61665.37;62071.5;62071.5;61395.57
20170105;62070.98;61594.13;62408.6;61594.13
20170104;61589.06;61810.85;61940.47;61302.28
20170103;61813.83;59631.15;61814.6;59631.15
20170102;59588.7;60227.28;60227.28;59370.9
20161229;60227.29;59781.92;60248.07;59277.63
20161228;59781.63;58688.04;59911.12;58688.04
20161227;58696.69;58627.19;59067.69;58402.39
20161226;58620.26;57940.76;58781.46;57940.76
20161223;57937.11;57255.22;58142.76;57255.22
20161222;57255.22;57645.94;57645.94;56828.56
20161221;57646.52;57583.3;58049.05;57221.5
20161220;57582.89;57115.86;57918.26;57038.49
20161219;57110.99;58390.13;58599.87;57109.27
20161216;58389.04;58397.63;59311.74;58365.46
20161215;58396.16;58213.75;58635.22;57574.74
20161214;58212.12;59280.13;59337.76;58212.12
20161213;59280.57;59177.53;59946.44;58757.51
20161212;59178.61;60516.6;60516.6;59034.94
20161209;60500.62;60688.41;61129.09;60315.83
20161208;60676.57;61429.96;61935.7;60499.4
20161207;61414.4;61110.81;61917.93;61062.22
20161206;61088.25;59828.46;61234.93;59395.92
20161205;59831.73;60322.39;60720.08;59635.01
20161202;60316.13;59498.85;60378.91;58092.29
20161201;59506.54;61906.35;61910.6;59058.08
20161130;61906.36;60994.05;62589.83;60994.05
20161129;60986.52;62858.77;62858.77;60979.55
20161128;62855.5;61558.56;62934.36;61240.48
20161125;61559.08;61393.86;61559.08;60572.79
20161124;61395.53;61998.99;62104.92;61392.18
20161123;61985.91;61955.55;62046.15;61233.53
20161122;61954.47;61072.1;62549.61;61072.1
20161121;61070.27;59962.7;61070.27;59962.7
20161118;59961.76;59770.33;60193.29;59327.34
20161117;59770.47;60762.94;61492.74;59745.66
20161116;60759.32;59658.5;60915.21;59363.83
20161114;59657.46;59183.14;59961.38;58322.32
20161111;59183.51;61198.71;61626.4;58920.95
20161110;61200.96;63260.76;63903.15;60553.18
20161109;63258.27;64157.44;64358.32;61794.36
20161108;64157.68;64051.65;64767.02;63381.34
20161107;64051.65;61600.74;64193.01;61600.74
20161104;61598.39;61749.23;62698.63;61491.4
20161103;61750.17;63324.67;63523.7;61750.17
20161101;63326.42;64921.91;65291.06;63018.57
20161031;64924.52;64311.51;65054.43;64311.51
20161028;64307.63;64250.59;64728.28;63777.97
20161027;64249.5;63827.32;64608.57;63827.32
20161026;63825.69;63859.97;63924.26;63083.64
20161025;63866.2;64058.56;64266.34;63247.64
20161024;64059.89;64140.73;64691.43;63913.56
20161021;64108.08;63838.09;64371.8;63378.72
20161020;63837.85;63494.68;63927.2;62728.75
20161019;63505.61;63783.66;64089;63308.54
20161018;63782.21;62701.39;63937.44;62701.39
20161017;62696.11;61767.58;62696.11;61718.83
20161014;61767.22;61120.45;62038.64;61120.45
20161013;61118.58;61020.38;61328.59;60243.14
20161011;61021.85;61668.33;61668.33;60884.77
20161010;61668.33;61130.24;61756.33;61130.24
20161007;61108.98;60645.41;61274.57;60478.95
20161006;60644.24;60254.34;60723.99;60070.31
20161005;60254.34;59340.04;60477.3;59340.04
20161004;59339.23;59461.22;59579.77;58891.86
20161003;59461.23;58370.15;59548.54;58366.55
20160930;58367.05;58349.99;58900.44;58271.36
20160929;58350.57;59346;59621.19;58291.79
20160928;59355.77;58382.75;59415.41;58353.48
20160927;58382.49;58066.44;58490.38;57410.72
20160926;58053.53;58697.03;58697.03;57904.19
20160923;58697;58992.22;59130.83;58408.8
20160922;58994.17;58407.63;59462.44;58407.63
20160921;58393.92;57736.46;58574.6;57326.03
20160920;57736.46;57355.59;57902.29;57355.59
20160919;57350.38;57082.82;58024.87;57082.82
20160916;57079.76;57909.49;57909.49;56794.11
20160915;57909.49;57068.26;58127.11;57068.26
20160914;57059.46;56812.4;57341.97;56694.45
20160913;56820.77;58579.91;58579.91;56459.11
20160912;58586.11;57998.16;58595.09;57511.17
20160909;57999.73;60220.18;60220.18;57961.41
20160908;60231.65;60129.3;60310.5;59742.86
20160906;60129.44;59565.62;60129.44;59182.14
20160905;59566.34;59616.39;59985.52;59402.23
20160902;59616.4;58240.53;59654.66;58240.53
20160901;58236.27;57901.45;58416.8;57637.8
20160831;57901.11;58579.97;58910.43;57506.4
20160830;58575.42;58610.39;58881.63;58292.87
20160829;58610.39;57717.18;58957.18;57641.51
20160826;57716.25;57724.94;58655.21;57259.13
20160825;57722.14;57717.88;58123.74;57638.64
20160824;57717.88;58019.15;58332.13;57456.4
20160823;58020.03;57781.24;58596.37;57781.24
20160822;57781.24;59079.71;59098.94;57631.38
20160819;59098.92;59158.28;59239.87;58599.48
20160818;59166.02;59323.83;59417.88;58828.96
20160817;59323.83;58846.94;59323.83;58081.45
20160816;58855.43;59144.35;59187.33;58589.19
20160815;59145.98;58316.23;59323.91;58316.23
20160812;58298.41;58299.57;58753.03;57986.92
20160811;58299.57;56925.04;58308.39;56922.83
20160810;56919.78;57690.34;57952.87;56735.24
20160809;57689.42;57637.48;58094.57;57615.15
20160808;57635.43;57655.48;57917.06;57504.17
20160805;57661.14;57609.42;57950.9;57289.55
20160804;57593.9;57075.72;58030.38;57075.72
20160803;57076.91;56157.39;57101.09;55788
20160802;56162.38;56755.92;56973.57;55695.52
20160801;56755.76;57309.23;57729.31;56675.81
20160729;57308.21;56663.94;57473.83;56339.59
20160728;56667.12;56853.32;56853.32;55992.71
20160727;56852.84;56788.47;57380.3;56788.47
20160726;56782.75;56876.24;57309.5;56707.84
20160725;56872.73;57006.39;57205.25;56397.88
20160722;57002.08;56641.49;57170.56;56518.04
20160721;56641.49;56578.05;56906.27;56232.51
20160720;56578.05;56698.77;56927.16;56220.73
20160719;56698.06;56487.3;56698.06;56246.15
20160718;56484.22;55573.29;56508.98;55355.07
20160715;55578.24;55481.75;55648.7;55233.2
20160714;55480.87;54600.82;55633.54;54600.82
20160713;54598.28;54256.4;54646.91;53732.82
20160712;54256.41;53960.58;54746.3;53960.58
20160711;53960.11;53143.48;54020.65;53143.48
20160708;53140.74;52019.55;53166.49;52019.55
20160707;52014.66;51901.8;52718.79;51888.19
20160706;51901.81;51842.15;51908.75;50824.99
20160705;51842.27;52565.2;52565.2;51510.43
20160704;52568.66;52241.12;52917.78;52241.12
20160701;52233.04;51540.21;52346.07;51411.23
20160630;51526.93;51001.38;51619.06;50585.06
20160629;51001.91;50009.45;51229.09;50009.45
20160628;50006.56;49252.12;50301.43;49252.12
20160627;49245.53;50105.81;50161.61;48954.41
20160624;50105.26;51561.05;51561.05;49544.32
20160623;51559.82;50160.76;51672.63;50160.76
20160622;50156.3;50834.72;51238.56;50060.39
20160621;50837.8;50326.04;50870.42;49677.76
20160620;50329.36;49539.4;50781.55;49539.4
20160617;49533.84;49409.25;50190.52;49404.79
20160616;49411.62;48900.91;49411.62;48066.67
20160615;48914.74;48649.41;49414.95;48323.67
20160614;48648.29;49662.11;49894.4;48216.36
20160613;49660.79;49418.63;49763.54;48803.56
20160610;49422.16;51117.44;51117.44;49420.98
20160609;51118.46;51632.81;51632.81;50831.67
20160608;51629.29;50490.11;51811.58;50490.11
20160607;50487.86;50431.68;50641.12;50004.67
20160606;50431.8;50627.24;50923.54;50097.27
20160603;50619.5;49888.31;50634.36;49888.31
20160602;49887.24;49007.81;49905.57;48780.54
20160601;49012.65;48468.19;49056.89;48199.87
20160531;48471.71;48963.18;49269.22;48291.51
20160530;48964.34;49051.17;49203.06;48799.22
20160527;49051.49;49481.32;49805.14;48868.56
20160525;49482.86;49346.5;50356.95;49346.5
20160524;49345.19;49330.42;50002.07;49152.88
20160523;49330.42;49709.17;49709.17;48694.73
20160520;49722.75;50132.65;50821.74;49722.75
20160519;50132.53;50556.06;50556.06;49588.26
20160518;50561.7;50836.08;51373.21;50300.63
20160517;50839.44;51795.46;51946.1;50689.36
20160516;51802.92;51803.33;52305.46;51584.51
20160513;51804.31;53236.48;53249.73;51365.57
20160512;53241.31;52765.27;53798.05;52424.04
20160511;52764.46;53072.4;53976.29;52735.94
20160510;53070.91;50994.01;53070.91;50994.01
20160509;50990.06;51716.51;51716.51;49907.77
20160506;51717.83;51670.57;52158.95;51204.04
20160505;51671.04;52568.61;53070.71;51310.97
20160504;52552.8;52253.14;52672.44;51930.77
20160503;52260.19;53557.14;53557.14;52260.19
20160502;53561.53;53909.53;54112.79;53265.28
20160429;53910.51;54316.76;54705.14;53591.6
20160428;54311.97;54475.28;54977.7;53963.1
20160427;54477.78;53094.22;54559.56;53094.22
20160426;53082.5;51867.04;53107.76;51838.25
20160425;51861.71;52911.07;52948.66;51748.28
20160422;52907.88;53630.07;53630.07;52629.48
20160420;53630.93;53710.68;53857.36;53149
20160419;53710.05;52894.08;54054.03;52894.08
20160418;52894.08;53228.74;53478.75;52305.37
20160415;53227.74;52414.24;53390.42;52414.24
20160414;52411.02;53150.34;53699.35;52242.23
20160413;53149.84;52009.52;53843.74;52009.52
20160412;52001.86;50166.46;52327.21;50166.46
20160411;50165.47;50303.33;51088.89;50078.23
20160408;50292.93;48517.02;50485.98;48517.02
20160407;48513.1;48099.11;48940.48;48099.11
20160406;48096.24;49053.82;49053.82;47873.65
20160405;49053.62;48778.04;49629.43;48148.75
20160404;48779.99;50556.18;50556.18;48600.45
20160401;50561.53;50054.41;50767.88;49360.87
20160331;50055.27;51248.29;51248.29;49642.15
20160330;51248.92;51154.99;52261.94;50899.85
20160329;51154.99;50839.28;51764.75;50387.33
20160328;50838.23;49686.52;51149.11;49686.52
20160324;49657.39;49686.04;49686.04;48777.8
20160323;49690.05;51004.57;51004.57;49490.73
20160322;51010.19;51170.48;51215.15;50811.59
20160321;51171.55;50815.53;51370.19;50764.53
20160318;50814.66;50915.46;51307.69;50202.02
20160317;50913.79;47770.46;51268.15;47770.46
20160316;47763.43;47129.74;47813.79;46520.81
20160315;47130.02;48866.35;48866.35;46684.42
20160314;48867.33;49639.02;50165.85;48756.51
20160311;49638.68;49573.88;50038.37;49156.02
20160310;49571.11;48666.75;49974.19;47922.39
20160309;48665.09;49102.41;50000.84;48623.35
20160308;49102.14;49244.43;49913.77;48846.92
20160307;49246.1;49089.16;49639.26;48746.43
20160304;49084.87;47193.67;50023.75;47193.67
20160303;47193.39;44900.39;47374.52;44900.39
20160302;44893.48;44121.93;44982.91;43841.19
20160301;44121.79;42795.17;44181.29;42795.17
20160229;42793.86;41599.44;43052.61;41599.44
20160226;41593.08;41889.06;42495.22;41416.54
20160225;41887.9;42083.56;42326.62;41441.7
20160224;42084.56;42520.7;42520.7;41210.72
20160223;42520.94;43235.1;43601.33;42358.66
20160222;43234.85;41544.38;43345.22;41544.38
20160219;41543.4;41476.9;41827.97;41070.88
20160218;41477.63;41623.94;41697.8;41183.4
20160217;41630.82;40957.61;42436.44;40957.61
20160216;40947.7;40093.26;41206.47;40074.23
20160215;40092.89;39808.41;40671.42;39808.41
20160214;39808.05;39808.05;39808.05;39808.05
20160212;39808.05;39324.24;39900.58;39324.24
20160211;39318.3;40370.02;40370.02;38927.56
20160210;40376.58;40592.09;40592.09;39960.18
20160205;40592.09;40811.8;41248.75;40565.83
20160204;40821.74;39589.17;41444.2;39589.17
20160203;39588.82;38596.53;39725.69;38596.53
20160202;38596.17;40563.78;40563.78;38596.17
20160201;40570.04;40396.51;40570.04;39738.09
20160129;40405.99;38634.71;40405.99;38634.71
20160128;38630.19;38376.37;39099.82;37996.09
20160127;38376.37;37500.79;38765.6;37402.09
20160126;37497.48;38031.22;38031.22;37112.35
20160122;38031.22;37736.93;38443.8;37736.93
20160121;37717.11;37647.04;38079.18;37494.82
20160120;37645.48;38056.03;38056.03;37046.07
20160119;38057.01;37941.23;38856.51;37941.23
20160118;37937.27;38572.28;38633.08;37937.27
20160115;38569.13;39493.86;39493.86;37986.07
20160114;39500.11;38944.2;39501.93;38458.69
20160113;38944.44;39518.4;40050.31;38822.29
20160112;39513.83;39954.86;40261.31;39425.97
20160111;39950.49;40612.09;40973.62;39924.22
20160110;40612.21;40612.21;40612.21;40612.21
20160108;40612.21;40695.04;41217.8;40463.49
20160107;40694.72;41772.15;41772.15;40694.72
20160106;41773.14;42409.95;42409.95;41589.97
20160105;42419.32;42139.23;42533.62;42137.26
20160104;42141.04;43348.91;43348.91;42125.02
20151231;43349.96;43349.96;43349.96;43349.96
20151230;43349.96;43653.44;43662.46;43217.38
20151229;43653.97;43781.17;44041.53;43523.3
20151228;43764.34;44015.68;44087.01;43709.01
20151223;44014.93;43478.91;44232.58;43478.91
20151222;43469.52;43208.17;43632.08;43136.97
20151221;43199.95;43912.28;44222.53;43196.16
20151218;43910.6;45248.67;45248.67;43690.31
20151217;45261.48;45016.16;46251.3;45016.16
20151216;45015.85;44867.65;45098.94;44094.84
20151215;44872.47;44748.43;45423.04;44748.43
20151214;44747.31;45257.91;45257.91;44530.72
20151211;45262.72;45629.61;45981.46;45068.43
20151210;45630.71;46084.06;46322.67;45351.06
20151209;46108.03;44444.27;46438.23;44444.27
20151208;44443.26;45223.32;45233.02;44232
20151207;45222.7;45361.25;46156.94;45217.39
20151204;45360.76;46384.75;46384.75;45022.7
20151203;46393.26;44923.47;47142.43;44923.47
20151202;44914.53;45046.39;45338.44;44579.3
20151201;45046.75;45121.1;45482.2;44775.35
20151130;45120.36;45871.33;45930.7;45105.89
20151127;45872.92;47144.44;47144.44;45811.69
20151126;47145.63;46867.13;47199.04;46867.13
20151125;46866.63;48269.74;48269.74;46742.27
20151124;48284.19;48142.66;48320.34;47441.65
20151123;48150.27;48138.04;48745.08;47987.58
20151122;48138.89;48138.89;48138.89;48138.89
20151119;48138.89;47437.26;48226.83;47437.26
20151118;47435.58;47241.44;47950.71;47241.44
20151117;47247.8;46847.97;47697.6;46847.97
20151116;46846.87;46518.63;46905.35;46398.64
20151113;46517.04;46883.71;46883.71;46311.23
20151112;46883.58;47065.01;47459.94;46695.8
20151111;47065.01;46207.25;47231.25;46207.25
20151110;46206.57;46195.05;46206.57;45396.88
20151109;46194.92;46914.8;47000.5;46057.43
20151106;46918.52;48046.47;48046.47;46397.11
20151105;48046.76;47711.77;48061.34;47430.37
20151104;47710.1;48058.83;49054.38;47440.69
20151103;48053.67;45868.81;48053.67;45866.3
20151030;45868.82;45628.35;45975.26;45400.69
20151029;45628.35;46740.16;46740.16;45628.35
20151028;46740.85;47037.92;47441.5;46388.14
20151027;47042.95;47204.78;47338.43;46742.45
20151026;47209.32;47606.63;47874.87;47104.57
20151023;47596.59;47774.3;48837.01;47502.27
20151022;47772.14;47026.71;47909;47026.71
20151021;47025.87;47076.55;47273.73;46653.85
20151020;47076.55;47446.94;47727.54;46622.87
20151019;47447.31;47242.47;47536.25;46916.77
20151018;47236.11;47236.11;47236.11;47236.11
20151016;47236.1;47161.02;47727.44;46516.85
20151015;47161.15;46730.26;47187.58;46321.48
20151014;46710.44;47349.43;47714.78;46700.73
20151013;47362.64;49339.14;49339.14;47134.9
20151012;49338.41;49338.41;49338.41;49338.41
20151009;49338.41;49105.12;49752.04;48698.44
20151008;49106.56;48915.37;49247.28;48657.64
20151007;48914.32;47735.32;49290.26;47714.69
20151006;47735.11;47598.49;48091.62;47388.54
20151005;47598.07;47033.28;48081.44;47018.61
20151003;47033.46;47033.46;47033.46;47033.46
20151002;47033.46;45313.39;47033.46;44973.4
20151001;45313.27;45064.26;45547.33;44788.93
20150930;45059.34;44131.76;45294.37;44131.76
20150929;44131.82;43956.46;44530.71;43956.04
20150928;43956.63;44831.62;44831.62;43766.61
20150927;44831.46;44831.46;44831.46;44831.46
20150925;44831.46;45300.34;45968.66;44697.01
20150924;45291.97;45339.7;45571.86;44182.73
20150923;45340.11;46262.51;46480.08;45340.11
20150922;46264.61;46585.35;46585.35;45276.23
20150921;46590.2;47263.27;47390.54;46424.6
20150918;47264.08;48549.5;48549.5;46927.83
20150917;48551.08;48552.71;49395.62;48081.62
20150916;48553.1;47364.07;48680.97;47364.07
20150915;47364.07;47281.03;47688.88;46745.85
20150914;47281.52;46399.98;47385.76;46217.71
20150911;46400.51;46508.91;46558.06;46175.88
20150910;46503.99;46655.83;46819.09;45592.08
20150909;46657.1;46762.07;47839.78;46614.14
20150908;46762.07;46500.9;47243.23;46496.79
20150904;46497.72;47365.51;47377.23;46320.43
20150903;47365.87;46467.97;47532.37;46279.41
20150902;46463.96;45484.22;46473.75;45445.07
20150901;45477.06;46625.08;46625.08;45278.27
20150831;46625.52;47151.43;47151.43;45569.94
20150828;47153.87;47696.83;47872.39;46847.37
20150827;47715.27;46038.08;47996.65;46038.08
20150826;46038.08;44545.67;46039.43;44540.18
20150825;44544.85;44337.54;45587.89;44337.54
20150824;44336.47;45714.92;45714.92;42749.23
20150821;45719.64;46649.35;46649.35;45676.76
20150820;46649.23;46587.51;46780.81;46029.56
20150819;46588.39;47450.58;47450.58;45977.38
20150818;47450.58;47220.49;48084.31;46675.92
20150817;47217.43;47508.83;47787.95;47217.43
20150814;47508.41;48010.09;48186.03;47508.41
20150813;48009.57;48389.64;48605.89;47721.75
20150812;48388.05;49063.87;49063.87;48027.56
20150811;49072.34;49339.86;49339.86;48305.66
20150810;49353;48578.05;49511.63;48578.05
20150807;48577.32;50013.41;50013.41;48511.68
20150806;50011.32;50279.64;50534.17;49623.61
20150805;50287.27;50066.85;50852.53;50066.85
20150804;50058.49;50137.62;50574.01;49826.74
20150803;50138.05;50866.92;50866.92;50053.82
20150731;50864.77;49897.4;50894.51;49892.29
20150730;49897.4;50245.14;50644.62;49612.04
20150729;50245.15;49601.91;50332.57;49421.69
20150728;49601.6;48740.26;49871.17;48740.26
20150727;48735.54;49245.85;49298.39;48639.95
20150725;49245.85;49245.85;49245.85;49245.85
20150724;49245.84;49804.29;49831.46;48624.14
20150723;49806.62;50915.78;51063.47;49668.22
20150722;50915.78;51473.92;51473.92;50592.46
20150721;51474.28;51603.32;51997.68;51244.04
20150720;51600.07;52341.41;52423.68;51525.45
20150718;52341.8;52341.8;52341.8;52341.8
20150717;52341.8;53069.75;53310.2;52221.13
20150716;53069.75;52902.28;53416.98;52713.87
20150715;52902.28;53239.17;53333.81;52790.45
20150714;53239.17;53119.47;53415.87;52652.75
20150713;53119.47;52590.72;53163.57;52590.72
20150710;52590.72;51782.26;52785.52;51782.26
20150708;51781.74;52343.39;52467.52;51574.12
20150707;52343.71;52148.89;52387.81;51129.78
20150706;52149.37;52510.5;52678.52;51682.82
20150703;52519.4;53105.61;53105.61;52370.31
20150702;53106.18;52757.72;53356.61;52757.72
20150701;52757.53;53080.88;53456.4;52603.37
20150630;53080.88;53014.21;53345.15;52812.5
20150629;53014.21;54012.65;54012.65;52647.35
20150626;54016.97;53181.02;54076.05;53150.52
20150625;53175.66;53840.4;53840.4;52879.4
20150624;53842.53;53772.43;54236.27;53628.09
20150623;53772.43;53864.78;54360.79;53772.43
20150622;53863.67;53750.07;54341.54;53655.4
20150619;53749.41;54236.08;54236.08;53479.42
20150618;54238.59;53251.15;54351.87;53213.64
20150617;53248.54;53697.73;53755.1;52965.07
20150616;53702.15;53143.74;53968.99;53106.91
20150615;53137.53;53338.14;53338.14;52548.19
20150612;53347.53;53689.17;53689.17;53032.88
20150611;53688.51;53876.44;54270.8;53443.53
20150610;53876.44;52817.45;54102.18;52817.45
20150609;52815.99;52809.63;53292.41;52687.88
20150608;52809.63;52974.72;53324.56;52809.63
20150605;52973.37;53517.6;53517.6;52808.05
20150603;53522.9;54253.74;54253.74;53462.34
20150602;54236.43;53035.02;54236.43;53035.02
20150601;53031.31;52752.9;53232.92;52665.81
20150530;52760.47;52760.47;52760.47;52760.47
20150529;52760.47;53974.25;53974.25;52760.47
20150528;53976.27;54230.4;54230.4;53363.07
20150527;54236.25;53630.62;54292.52;53135.88
20150526;53629.78;54609.25;54609.25;53548.19
20150525;54609.25;54377.96;54867.85;53971.6
20150522;54377.29;55112.05;55223.01;54037.59
20150521;55112.05;54900.29;55112.05;54526.08
20150520;54901.02;55497.12;55644.97;54819.8
20150519;55498.82;56204.23;56211.95;55027.09
20150518;56204.23;57249.93;57605.86;55926.47
20150515;57248.63;56655.82;57287.7;56422.19
20150514;56656.57;56376.28;56920.94;56104.78
20150513;56372.04;56790.23;56899.73;56199.12
20150512;56792.05;57193.39;57423.61;56752.57
20150511;57197.1;57166.46;57489.84;57013.1
20150508;57149.33;56964.9;57620.54;56595.09
20150507;56921.39;57103.14;57289.51;56507.22
20150506;57103.14;58050.31;58574.79;56819.7
20150505;58051.61;57349.52;58146.74;57096
20150504;57353.98;56230.03;57519.55;56230.03
20150430;56229.38;55312.11;56229.38;55079.75
20150429;55325.29;55808.64;55808.64;55067.39
20150428;55812.03;55549.05;56017.63;54972.93
20150427;55534.5;56554.31;56962.2;55515.39
20150424;56594.22;55687.49;56965.16;55687.49
20150423;55684.85;54615.89;55781.72;54063.82
20150422;54617.36;53762.09;54847.67;53762.09
20150420;53761.27;53965.25;54384.98;53510.41
20150417;53954.79;54671.54;54671.54;53896
20150416;54674.21;54918.74;54918.74;54315.74
20150415;54918.74;54037.28;54960.16;54037.28
20150414;53981.92;54240.43;54625.38;53773.31
20150413;54239.77;54213.65;54866.24;54004.28
20150410;54214.11;53802.66;54413.46;53555.96
20150409;53802.66;53638.15;54002.39;53292.23
20150408;53661.11;53731.93;54458.42;53507.77
20150407;53729.16;53737.99;54002.37;53436.15
20150406;53737.26;53123.69;54146.32;53122.06
20150402;53123.02;52321.76;53311.58;52321.76
20150401;52321.76;51186.27;52613.04;51186.27
20150331;51150.16;51242.72;51465.78;50612.12
20150330;51243.45;50099.79;51264.67;50099.79
20150327;50094.66;50574.93;50574.93;49908.52
20150326;50579.85;51835.48;51835.48;50528.1
20150325;51858.3;51507.37;52318.75;51507.37
20150324;51506.07;51907.94;52222.91;51006.4
20150323;51908.46;51969.99;52177.88;51515.95
20150320;51966.58;50964.41;52285.68;50964.41
20150319;50953.53;51530.22;51547.21;50790.52
20150318;51526.19;50283.51;51772.78;49787.68
20150317;50285.12;48849.26;50384.2;48840.99
20150316;48848.21;48601.62;49205.3;48393.5
20150313;48595.81;48858.37;48858.37;47904.85
20150312;48880.4;48907.69;49632.75;48684.32
20150311;48905.58;48308.69;48936.86;48308.69
20150310;48293.4;49177.14;49177.14;48292.94
20150309;49181.01;49978.36;49978.36;48951.61
20150306;49981.19;50355.37;50400.94;49779.36
20150305;50365.2;50472.1;50734.01;50114.42
20150304;50468.05;51303.15;51303.15;50399.11
20150303;51304.1;51020.81;51432.21;50995.26
20150302;51020.81;51579.99;51579.99;50774.73
20150227;51583.09;51760.01;52457.05;51474.36
20150226;51760.54;51812.18;51922.43;51181.33
20150225;51811.02;51862.94;51862.94;51050.85
20150224;51874.17;51288.45;51956.03;51049.05
20150223;51280.64;51237.7;51689.75;50861.31
20150220;51237.7;51301.38;51450.3;50711.24
20150219;51294.03;51280.78;51638.4;50869.51
20150218;51280.36;50639.31;51867.82;50639.31
20150213;50635.92;49545.82;50726.24;49475.52
20150212;49532.72;48240.39;49689.79;48240.39
20150211;48239.67;48508.21;48762.32;47841
20150210;48510.28;49359.04;49798.73;48510.28
20150209;49382.58;48791.92;49522.27;48415.52
20150206;48792.27;49231.42;49231.42;48209.3
20150205;49233.85;49299.26;49816.29;49019.74
20150204;49301.05;48964.93;49718.23;48213.76
20150203;48963.66;47664.19;48992.88;47664.19
20150202;47650.73;46933.49;47683.64;46760.19
20150201;46907.68;46907.68;46907.68;46907.68
20150130;46907.68;47759.19;47759.19;46484.32
20150129;47762.24;47696.22;47893.92;47006.51
20150128;47694.54;48589.22;48589.22;47550.17
20150127;48591.23;48576.55;48864.04;47351.88
20150126;48576.55;48711.61;48711.61;48004.44
20150123;48775.3;49432.13;49523.26;48496.12
20150122;49442.62;49227.04;50281.33;49227.04
20150121;49224.08;47887.9;49328.56;47887.9
20150120;47876.66;47758.95;48687.34;47619.06
20150119;47758.01;49009.03;49009.03;47502.99
20150116;49016.52;48028.38;49263.77;48028.38
20150115;48026.31;47647.56;48853.42;47647.56
20150114;47645.87;48037.63;48280.82;47372.27
20150113;48041.67;48144.29;48939.41;48041.67
20150112;48139.74;48839.73;48839.73;47955.85
20150109;48840.25;49954.7;49954.7;48500.66
20150108;49943.3;49463.15;50260.72;49017.31
20150107;49462.91;48006.05;49882.26;48006.05
20150106;48000.92;47517.14;48061.28;47337.71
20150105;47516.82;48512.22;48512.22;47263.91
20150102;48512.22;50004.5;50004.5;48345.26
20141230;50007.41;50601;50841.24;49992.91
20141229;50593.82;50145.18;50902.96;50008.01
20141228;50144.63;50144.63;50144.63;50144.63
20141226;50144.63;50890.81;50973.42;49913.81
20141224;50889.81;50889.81;50889.81;50889.81
20141223;50889.81;50120.86;50889.81;49814.97
20141222;50120.86;49650.98;50120.86;49104.55
20141219;49650.98;48491.95;49657.58;48435.43
20141218;48495.7;48714.43;49564.55;48295.68
20141217;48713.64;47008.01;49257.88;47008.01
20141216;47007.51;47016.18;47594.75;45852.81
20141215;47018.68;48002.48;48401.15;46409.71
20141214;48001.98;48001.98;48001.98;48001.98
20141212;48001.98;49861.33;49861.33;47973.27
20141211;49861.81;49548.58;49946.34;48808.99
20141210;49548.08;50192.39;50192.39;49297.07
20141209;50193.47;50250.8;50260.12;49395.62
20141208;50274.07;51992.89;51992.89;50015.72
20141205;51992.89;51427.37;52023.97;51163.82
20141204;51426.87;52320.48;52539.13;51073.96
20141203;52320.48;51610.92;52470.58;51610.92
20141202;51612.47;52277.58;52639.71;51471.07
20141201;52276.58;54719.47;54719.47;52156.49
20141128;54724;54731.41;55436.29;54664.36
20141127;54721.32;55099.55;56065.13;54592.74
20141126;55098.47;55561;56099.79;54977.2
20141125;55560.81;55410.27;56386.64;55204.32
20141124;55406.91;56085.98;57359.27;55292.35
20141121;56084.04;53403.06;56214.05;53403.06
20141119;53402.81;52061.86;53402.81;52031.54
20141118;52061.86;51257.05;52122.23;51067.46
20141117;51256.99;51772.4;52222.64;51047
20141116;51772.4;51772.4;51772.4;51772.4
20141114;51772.4;51833.71;51899.9;50885.65
20141113;51846.03;52978.83;53322.89;51846.03
20141112;52978.89;52473.34;53435.43;52187.22
20141111;52474.27;52718.22;52718.22;52003.02
20141110;52725.38;53222.85;53829.63;52716.2
20141107;53222.85;52637.06;53483;52197.07
20141106;52637.06;53696.81;53696.81;52417.76
20141105;53698.42;54383.59;54383.59;53588.79
20141104;54383.59;53947.21;54383.59;53431.87
20141103;53947.21;54628.6;54628.6;53053.95
20141031;54628.6;52338.15;54628.6;52334.81
20141030;52336.83;51049.32;52574.39;51049.32
20141029;51049.32;52330.03;52330.03;51049.32
20141028;52330.03;50503.66;52374.3;50502.95
20141027;50503.66;51937.39;51937.39;48722.29
20141024;51940.73;50687.41;53145.51;50595.7
20141023;50713.26;52409.43;52409.43;50653.54
20141022;52411.03;52427.12;53229.42;52064.4
20141021;52432.43;54300.11;54300.11;51922.45
20141020;54302.57;55720.22;55720.22;54299.88
20141017;55723.79;54298.33;55948.64;54298.33
20141016;54298.33;56123.85;56123.85;54132.08
20141015;56135.27;58012.31;58012.31;54919.04
20141014;58015.46;57945.6;58856.25;57258.12
20141013;57956.53;55312.91;58747.38;55312.91
20141010;55311.59;57266.06;57266.06;55311.59
20141009;57267.53;57079.24;58246.08;57076.88
20141008;57058.48;57440.31;58190.86;56198.62
20141007;57436.33;57124.37;58317.95;57124.37
20141006;57115.9;54542.32;58897.45;54542.32
20141003;54539.55;53518.57;54539.55;53367.72
20141002;53518.57;52858.61;54022.44;52480.48
20141001;52858.43;54115.21;54115.21;52646.55
20140930;54115.98;54625.83;54625.83;53536.38
20140929;54625.35;57210.61;57210.61;54124.13
20140927;57212.38;57212.38;57212.38;57212.38
20140926;57212.38;55965.21;57488.78;55946.01
20140925;55962.08;56821.56;56821.56;55875.78
20140924;56824.42;56538.98;57130.7;55933.81
20140923;56540.5;56818.11;57332.2;56086.44
20140922;56818.11;57787.94;57787.94;55974.22
20140919;57788.7;58355.9;58516.35;57513.84
